"","cell_id","step_ix","simulation_i","sim_time"
"1","cell1",1903,24,0
"2","cell2",1423,18,120.083333333331
"3","cell3",3881,48,100.083333333332
"4","cell4",4478,55,330.083333333328
"5","cell5",2676,33,350.083333333324
"6","cell6",647,8,560.083333333309
"7","cell7",3870,48,0
"8","cell8",4857,60,20.0833333333333
"9","cell9",2567,32,80.0833333333331
"10","cell10",1423,18,120.083333333331
"11","cell11",767,10,120.083333333331
"12","cell12",6013,74,100.083333333332
"13","cell13",3280,40,658.8
"14","cell14",1502,19,90.0833333333326
"15","cell15",1366,17,370.083333333319
"16","cell16",5163,63,620.000000000003
"17","cell17",2652,33,110.083333333331
"18","cell18",8135,100,0
"19","cell19",4288,53,70.0000000000004
"20","cell20",6437,79,240.00000000001
"21","cell21",1365,17,360.083333333321
"22","cell22",1005,13,40
"23","cell23",7404,91,70.0000000000004
"24","cell24",2672,33,310.083333333333
"25","cell25",7895,97,60.0000000000006
"26","cell26",1342,17,130.083333333331
"27","cell27",1660,21,30.0833333333332
"28","cell28",5127,63,260.000000000011
"29","cell29",206,3,250.000000000011
"30","cell30",2969,37,0
"31","cell31",1331,17,20.0833333333333
"32","cell32",4458,55,130.083333333331
"33","cell33",1424,18,130.083333333331
"34","cell34",4062,50,270.000000000008
"35","cell35",1342,17,130.083333333331
"36","cell36",1342,17,130.083333333331
"37","cell37",5621,69,280.000000000006
"38","cell38",16,1,0
"39","cell39",5275,65,100.083333333332
"40","cell40",3732,46,250.000000000011
"41","cell41",1342,17,130.083333333331
"42","cell42",6013,74,100.083333333332
"43","cell43",3811,47,220.000000000008
"44","cell44",5703,70,280.000000000006
"45","cell45",2523,31,460.083333333299
"46","cell46",6022,74,190.000000000004
"47","cell47",1342,17,130.083333333331
"48","cell48",4203,52,40
"49","cell49",6560,80,658.8
"50","cell50",1500,19,70.0000000000004
"51","cell51",1997,25,120.083333333331
"52","cell52",3404,42,250.000000000011
"53","cell53",18,1,10
"54","cell54",1715,21,580.083333333318
"55","cell55",6314,77,658.8
"56","cell56",6841,84,180.000000000003
"57","cell57",1169,15,40
"58","cell58",1342,17,130.083333333331
"59","cell59",7731,95,60.0000000000006
"60","cell60",6168,76,10
"61","cell61",4455,55,100.083333333332
"62","cell62",4456,55,110.083333333331
"63","cell63",6013,74,100.083333333332
"64","cell64",1424,18,130.083333333331
"65","cell65",2584,32,250.000000000011
"66","cell66",6824,84,10
"67","cell67",1342,17,130.083333333331
"68","cell68",1423,18,120.083333333331
"69","cell69",1685,21,280.000000000006
"70","cell70",449,6,220.000000000008
"71","cell71",3406,42,270.000000000008
"72","cell72",6767,83,260.000000000011
"73","cell73",1576,20,10
"74","cell74",6013,74,100.083333333332
"75","cell75",2592,32,330.083333333328
"76","cell76",4859,60,40
"77","cell77",619,8,280.000000000006
"78","cell78",6013,74,100.083333333332
"79","cell79",292,4,290.000000000004
"80","cell80",4393,54,300.000000000002
"81","cell81",7336,90,210.000000000006
"82","cell82",4146,51,290.000000000004
"83","cell83",3462,43,10
"84","cell84",7313,90,0
"85","cell85",1342,17,130.083333333331
"86","cell86",772,10,170.000000000002
"87","cell87",4342,53,610.083333333331
"88","cell88",7997,98,260.000000000011
"89","cell89",6824,84,10
"90","cell90",1423,18,120.083333333331
"91","cell91",6013,74,100.083333333332
"92","cell92",2494,31,170.000000000002
"93","cell93",3313,41,160.000000000001
"94","cell94",3633,45,80.0833333333331
"95","cell95",6013,74,100.083333333332
"96","cell96",753,10,0
"97","cell97",1342,17,130.083333333331
"98","cell98",3965,49,120.083333333331
"99","cell99",1360,17,310.083333333333
"100","cell100",5102,63,10
"101","cell101",2420,30,250.000000000011
"102","cell102",1745,22,60.0000000000006
"103","cell103",7478,92,0
"104","cell104",1342,17,130.083333333331
"105","cell105",7563,93,20.0833333333333
"106","cell106",2812,35,70.0000000000004
"107","cell107",4370,54,70.0000000000004
"108","cell108",6192,76,250.000000000011
"109","cell109",7970,98,0
"110","cell110",851,11,140.083333333332
"111","cell111",1342,17,130.083333333331
"112","cell112",3710,46,30.0833333333332
"113","cell113",1502,19,90.0833333333326
"114","cell114",1674,21,170.000000000002
"115","cell115",6741,83,0
"116","cell116",7517,92,380.083333333317
"117","cell117",6747,83,60.0000000000006
"118","cell118",1826,23,50.0000000000003
"119","cell119",1502,19,90.0833333333326
"120","cell120",4468,55,230.000000000009
"121","cell121",6192,76,250.000000000011
"122","cell122",6013,74,100.083333333332
"123","cell123",1502,19,90.0833333333326
"124","cell124",3303,41,60.0000000000006
"125","cell125",4445,55,0
"126","cell126",1598,20,230.000000000009
"127","cell127",204,3,230.000000000009
"128","cell128",5758,71,10
"129","cell129",2072,26,50.0000000000003
"130","cell130",2333,29,200.000000000005
"131","cell131",1424,18,130.083333333331
"132","cell132",7994,98,230.000000000009
"133","cell133",5794,71,370.083333333319
"134","cell134",3544,44,10
"135","cell135",45,1,280.000000000006
"136","cell136",354,5,90.0833333333326
"137","cell137",7232,89,0
"138","cell138",1423,18,120.083333333331
"139","cell139",1276,16,290.000000000004
"140","cell140",4614,57,50.0000000000003
"141","cell141",1092,14,90.0833333333326
"142","cell142",2337,29,240.00000000001
"143","cell143",2006,25,210.000000000006
"144","cell144",1423,18,120.083333333331
"145","cell145",2749,34,260.000000000011
"146","cell146",3721,46,140.083333333332
"147","cell147",1424,18,130.083333333331
"148","cell148",5788,71,310.083333333333
"149","cell149",1424,18,130.083333333331
"150","cell150",7753,95,280.000000000006
"151","cell151",3154,39,210.000000000006
"152","cell152",6934,85,290.000000000004
"153","cell153",3791,47,20.0833333333333
"154","cell154",44,1,270.000000000008
"155","cell155",4405,54,420.083333333308
"156","cell156",5534,68,230.000000000009
"157","cell157",6013,74,100.083333333332
"158","cell158",4125,51,80.0833333333331
"159","cell159",1423,18,120.083333333331
"160","cell160",1912,24,90.0833333333326
"161","cell161",1342,17,130.083333333331
"162","cell162",6427,79,140.083333333332
"163","cell163",1092,14,90.0833333333326
"164","cell164",7789,95,640.000000000012
"165","cell165",261,4,0
"166","cell166",1337,17,80.0833333333331
"167","cell167",2479,31,20.0833333333333
"168","cell168",1413,18,20.0833333333333
"169","cell169",7335,90,200.000000000005
"170","cell170",4692,58,10
"171","cell171",310,4,470.083333333296
"172","cell172",2320,29,70.0000000000004
"173","cell173",188,3,70.0000000000004
"174","cell174",7650,94,70.0000000000004
"175","cell175",7668,94,250.000000000011
"176","cell176",6658,82,0
"177","cell177",929,12,100.083333333332
"178","cell178",1342,17,130.083333333331
"179","cell179",7241,89,80.0833333333331
"180","cell180",6013,74,100.083333333332
"181","cell181",1584,20,90.0833333333326
"182","cell182",6173,76,60.0000000000006
"183","cell183",1342,17,130.083333333331
"184","cell184",287,4,240.00000000001
"185","cell185",1342,17,130.083333333331
"186","cell186",3658,45,330.083333333328
"187","cell187",6087,75,20.0833333333333
"188","cell188",6575,81,0
"189","cell189",8148,100,130.083333333331
"190","cell190",2900,36,130.083333333331
"191","cell191",2590,32,310.083333333333
"192","cell192",6013,74,100.083333333332
"193","cell193",3749,46,420.083333333308
"194","cell194",3974,49,210.000000000006
"195","cell195",7671,94,280.000000000006
"196","cell196",6358,78,270.000000000008
"197","cell197",6031,74,280.000000000006
"198","cell198",7352,90,370.083333333319
"199","cell199",3712,46,50.0000000000003
"200","cell200",5435,67,60.0000000000006
"201","cell201",6502,80,70.0000000000004
"202","cell202",6013,74,100.083333333332
"203","cell203",4477,55,320.08333333333
"204","cell204",2841,35,360.083333333321
"205","cell205",3568,44,250.000000000011
"206","cell206",1423,18,120.083333333331
"207","cell207",3408,42,290.000000000004
"208","cell208",8057,99,40
"209","cell209",7977,98,60.0000000000006
"210","cell210",2530,31,530.083333333295
"211","cell211",2831,35,260.000000000011
"212","cell212",6847,84,240.00000000001
"213","cell213",6440,79,270.000000000008
"214","cell214",6588,81,110.083333333331
"215","cell215",4074,50,390.083333333314
"216","cell216",4702,58,110.083333333331
"217","cell217",1342,17,130.083333333331
"218","cell218",7518,92,390.083333333314
"219","cell219",4828,59,550.083333333304
"220","cell220",1424,18,130.083333333331
"221","cell221",1424,18,130.083333333331
"222","cell222",5767,71,100.083333333332
"223","cell223",1342,17,130.083333333331
"224","cell224",6110,75,250.000000000011
"225","cell225",3955,49,20.0833333333333
"226","cell226",1102,14,190.000000000004
"227","cell227",1040,13,390.083333333314
"228","cell228",7452,91,550.083333333304
"229","cell229",4128,51,110.083333333331
"230","cell230",1424,18,130.083333333331
"231","cell231",6013,74,100.083333333332
"232","cell232",1424,18,130.083333333331
"233","cell233",7169,88,180.000000000003
"234","cell234",2651,33,100.083333333332
"235","cell235",6749,83,80.0833333333331
"236","cell236",2913,36,260.000000000011
"237","cell237",6581,81,40
"238","cell238",6763,83,220.000000000008
"239","cell239",959,12,400.083333333312
"240","cell240",6283,77,340.083333333326
"241","cell241",20,1,30.0833333333332
"242","cell242",5809,71,520.08333333329
"243","cell243",3239,40,240.00000000001
"244","cell244",1424,18,130.083333333331
"245","cell245",1337,17,80.0833333333331
"246","cell246",6013,74,100.083333333332
"247","cell247",8004,98,330.083333333328
"248","cell248",683,9,100.083333333332
"249","cell249",7833,96,260.000000000011
"250","cell250",2418,30,230.000000000009
"251","cell251",3299,41,20.0833333333333
"252","cell252",2561,32,20.0833333333333
"253","cell253",3804,47,150.083333333333
"254","cell254",4295,53,140.083333333332
"255","cell255",7099,87,300.000000000002
"256","cell256",2820,35,150.083333333333
"257","cell257",2993,37,240.00000000001
"258","cell258",517,7,80.0833333333331
"259","cell259",1502,19,90.0833333333326
"260","cell260",2495,31,180.000000000003
"261","cell261",8086,99,330.083333333328
"262","cell262",4368,54,50.0000000000003
"263","cell263",1994,25,90.0833333333326
"264","cell264",6026,74,230.000000000009
"265","cell265",2073,26,60.0000000000006
"266","cell266",1424,18,130.083333333331
"267","cell267",8147,100,120.083333333331
"268","cell268",5701,70,260.000000000011
"269","cell269",1424,18,130.083333333331
"270","cell270",1423,18,120.083333333331
"271","cell271",4796,59,230.000000000009
"272","cell272",7430,91,330.083333333328
"273","cell273",625,8,340.083333333326
"274","cell274",6031,74,280.000000000006
"275","cell275",1424,18,130.083333333331
"276","cell276",1424,18,130.083333333331
"277","cell277",7977,98,60.0000000000006
"278","cell278",1424,18,130.083333333331
"279","cell279",1342,17,130.083333333331
"280","cell280",4451,55,60.0000000000006
"281","cell281",1424,18,130.083333333331
"282","cell282",3714,46,70.0000000000004
"283","cell283",2906,36,190.000000000004
"284","cell284",4312,53,310.083333333333
"285","cell285",5757,71,0
"286","cell286",1993,25,80.0833333333331
"287","cell287",7360,90,450.083333333301
"288","cell288",5204,64,210.000000000006
"289","cell289",7816,96,90.0833333333326
"290","cell290",868,11,310.083333333333
"291","cell291",6994,86,70.0000000000004
"292","cell292",1275,16,280.000000000006
"293","cell293",6013,74,100.083333333332
"294","cell294",5049,62,300.000000000002
"295","cell295",7895,97,60.0000000000006
"296","cell296",1342,17,130.083333333331
"297","cell297",1593,20,180.000000000003
"298","cell298",1342,17,130.083333333331
"299","cell299",773,10,180.000000000003
"300","cell300",5120,63,190.000000000004
"301","cell301",1423,18,120.083333333331
"302","cell302",1744,22,50.0000000000003
"303","cell303",1335,17,60.0000000000006
"304","cell304",1502,19,90.0833333333326
"305","cell305",1342,17,130.083333333331
"306","cell306",1424,18,130.083333333331
"307","cell307",3412,42,330.083333333328
"308","cell308",7429,91,320.08333333333
"309","cell309",950,12,310.083333333333
"310","cell310",132,2,330.083333333328
"311","cell311",195,3,140.083333333332
"312","cell312",1342,17,130.083333333331
"313","cell313",3905,48,340.083333333326
"314","cell314",3747,46,400.083333333312
"315","cell315",1800,22,610.083333333331
"316","cell316",3136,39,30.0833333333332
"317","cell317",6014,74,110.083333333331
"318","cell318",1424,18,130.083333333331
"319","cell319",1342,17,130.083333333331
"320","cell320",8087,99,340.083333333326
"321","cell321",7447,91,500.083333333289
"322","cell322",266,4,30.0833333333332
"323","cell323",1273,16,260.000000000011
"324","cell324",689,9,160.000000000001
"325","cell325",1424,18,130.083333333331
"326","cell326",3899,48,280.000000000006
"327","cell327",1342,17,130.083333333331
"328","cell328",6609,81,320.08333333333
"329","cell329",1342,17,130.083333333331
"330","cell330",5615,69,220.000000000008
"331","cell331",7975,98,40
"332","cell332",6101,75,160.000000000001
"333","cell333",2814,35,90.0833333333326
"334","cell334",4232,52,330.083333333328
"335","cell335",6588,81,110.083333333331
"336","cell336",2922,36,350.083333333324
"337","cell337",1342,17,130.083333333331
"338","cell338",1911,24,80.0833333333331
"339","cell339",1584,20,90.0833333333326
"340","cell340",7417,91,200.000000000005
"341","cell341",1342,17,130.083333333331
"342","cell342",1462,18,510.083333333287
"343","cell343",817,10,620.000000000003
"344","cell344",1424,18,130.083333333331
"345","cell345",5360,66,130.083333333331
"346","cell346",6786,83,450.083333333301
"347","cell347",1028,13,270.000000000008
"348","cell348",5463,67,340.083333333326
"349","cell349",5045,62,260.000000000011
"350","cell350",1423,18,120.083333333331
"351","cell351",8168,100,330.083333333328
"352","cell352",1342,17,130.083333333331
"353","cell353",1868,23,470.083333333296
"354","cell354",7559,93,0
"355","cell355",1502,19,90.0833333333326
"356","cell356",1423,18,120.083333333331
"357","cell357",3819,47,300.000000000002
"358","cell358",7904,97,150.083333333333
"359","cell359",1423,18,120.083333333331
"360","cell360",760,10,50.0000000000003
"361","cell361",4043,50,80.0833333333331
"362","cell362",1342,17,130.083333333331
"363","cell363",1423,18,120.083333333331
"364","cell364",4382,54,190.000000000004
"365","cell365",7447,91,500.083333333289
"366","cell366",2828,35,230.000000000009
"367","cell367",6088,75,30.0833333333332
"368","cell368",2483,31,60.0000000000006
"369","cell369",6180,76,130.083333333331
"370","cell370",5214,64,310.083333333333
"371","cell371",1502,19,90.0833333333326
"372","cell372",6411,79,0
"373","cell373",3982,49,290.000000000004
"374","cell374",1423,18,120.083333333331
"375","cell375",1424,18,130.083333333331
"376","cell376",4861,60,60.0000000000006
"377","cell377",6013,74,100.083333333332
"378","cell378",7413,91,160.000000000001
"379","cell379",6270,77,210.000000000006
"380","cell380",1502,19,90.0833333333326
"381","cell381",1342,17,130.083333333331
"382","cell382",354,5,90.0833333333326
"383","cell383",3873,48,20.0833333333333
"384","cell384",2990,37,210.000000000006
"385","cell385",537,7,280.000000000006
"386","cell386",6611,81,340.083333333326
"387","cell387",1423,18,120.083333333331
"388","cell388",2740,34,170.000000000002
"389","cell389",1342,17,130.083333333331
"390","cell390",6013,74,100.083333333332
"391","cell391",680,9,70.0000000000004
"392","cell392",3157,39,240.00000000001
"393","cell393",2171,27,220.000000000008
"394","cell394",5364,66,170.000000000002
"395","cell395",6997,86,100.083333333332
"396","cell396",2492,31,150.083333333333
"397","cell397",7436,91,390.083333333314
"398","cell398",531,7,220.000000000008
"399","cell399",1502,19,90.0833333333326
"400","cell400",3092,38,410.08333333331
"401","cell401",99,2,0
"402","cell402",2905,36,180.000000000003
"403","cell403",191,3,100.083333333332
"404","cell404",609,8,180.000000000003
"405","cell405",1342,17,130.083333333331
"406","cell406",4699,58,80.0833333333331
"407","cell407",7419,91,220.000000000008
"408","cell408",2814,35,90.0833333333326
"409","cell409",7325,90,100.083333333332
"410","cell410",6416,79,30.0833333333332
"411","cell411",4950,61,130.083333333331
"412","cell412",4626,57,170.000000000002
"413","cell413",4775,59,20.0833333333333
"414","cell414",6675,82,160.000000000001
"415","cell415",28,1,110.083333333331
"416","cell416",7255,89,220.000000000008
"417","cell417",1014,13,130.083333333331
"418","cell418",5794,71,370.083333333319
"419","cell419",6167,76,0
"420","cell420",515,7,60.0000000000006
"421","cell421",5288,65,230.000000000009
"422","cell422",1342,17,130.083333333331
"423","cell423",1342,17,130.083333333331
"424","cell424",1103,14,200.000000000005
"425","cell425",3051,38,0
"426","cell426",6256,77,70.0000000000004
"427","cell427",7892,97,30.0833333333332
"428","cell428",1424,18,130.083333333331
"429","cell429",6013,74,100.083333333332
"430","cell430",7567,93,60.0000000000006
"431","cell431",3881,48,100.083333333332
"432","cell432",1342,17,130.083333333331
"433","cell433",5210,64,270.000000000008
"434","cell434",7522,92,430.083333333305
"435","cell435",1685,21,280.000000000006
"436","cell436",1502,19,90.0833333333326
"437","cell437",5619,69,260.000000000011
"438","cell438",6005,74,20.0833333333333
"439","cell439",8167,100,320.08333333333
"440","cell440",6251,77,20.0833333333333
"441","cell441",6015,74,120.083333333331
"442","cell442",7077,87,80.0833333333331
"443","cell443",1424,18,130.083333333331
"444","cell444",1461,18,500.083333333289
"445","cell445",4373,54,100.083333333332
"446","cell446",6179,76,120.083333333331
"447","cell447",6109,75,240.00000000001
"448","cell448",4409,54,460.083333333299
"449","cell449",7560,93,0
"450","cell450",5058,62,390.083333333314
"451","cell451",1051,13,500.083333333289
"452","cell452",4033,50,0
"453","cell453",3407,42,280.000000000006
"454","cell454",3139,39,60.0000000000006
"455","cell455",1423,18,120.083333333331
"456","cell456",3464,43,30.0833333333332
"457","cell457",3801,47,120.083333333331
"458","cell458",5790,71,330.083333333328
"459","cell459",5359,66,120.083333333331
"460","cell460",7171,88,200.000000000005
"461","cell461",1254,16,70.0000000000004
"462","cell462",4472,55,270.000000000008
"463","cell463",1342,17,130.083333333331
"464","cell464",5865,72,260.000000000011
"465","cell465",848,11,110.083333333331
"466","cell466",7429,91,320.08333333333
"467","cell467",7723,95,0
"468","cell468",1275,16,280.000000000006
"469","cell469",1342,17,130.083333333331
"470","cell470",4295,53,140.083333333332
"471","cell471",6443,79,300.000000000002
"472","cell472",6050,74,470.083333333296
"473","cell473",4476,55,310.083333333333
"474","cell474",1342,17,130.083333333331
"475","cell475",3490,43,290.000000000004
"476","cell476",7978,98,70.0000000000004
"477","cell477",6177,76,100.083333333332
"478","cell478",5107,63,60.0000000000006
"479","cell479",6022,74,190.000000000004
"480","cell480",4218,52,190.000000000004
"481","cell481",2485,31,80.0833333333331
"482","cell482",1599,20,240.00000000001
"483","cell483",8136,100,10
"484","cell484",3161,39,280.000000000006
"485","cell485",3145,39,120.083333333331
"486","cell486",5195,64,120.083333333331
"487","cell487",1502,19,90.0833333333326
"488","cell488",3920,48,490.083333333292
"489","cell489",754,10,0
"490","cell490",2967,37,0
"491","cell491",6261,77,120.083333333331
"492","cell492",5284,65,190.000000000004
"493","cell493",4551,56,240.00000000001
"494","cell494",7755,95,300.000000000002
"495","cell495",7477,92,0
"496","cell496",1424,18,130.083333333331
"497","cell497",1439,18,280.000000000006
"498","cell498",1342,17,130.083333333331
"499","cell499",3754,46,470.083333333296
"500","cell500",6522,80,270.000000000008
"501","cell501",921,12,20.0833333333333
"502","cell502",1423,18,120.083333333331
"503","cell503",275,4,120.083333333331
"504","cell504",5928,73,70.0000000000004
"505","cell505",1342,17,130.083333333331
"506","cell506",1342,17,130.083333333331
"507","cell507",428,6,10
"508","cell508",1328,17,0
"509","cell509",7513,92,340.083333333326
"510","cell510",5518,68,70.0000000000004
"511","cell511",7202,88,510.083333333287
"512","cell512",4390,54,270.000000000008
"513","cell513",7512,92,330.083333333328
"514","cell514",2072,26,50.0000000000003
"515","cell515",1423,18,120.083333333331
"516","cell516",102,2,30.0833333333332
"517","cell517",6013,74,100.083333333332
"518","cell518",1022,13,210.000000000006
"519","cell519",1423,18,120.083333333331
"520","cell520",1171,15,60.0000000000006
"521","cell521",3817,47,280.000000000006
"522","cell522",5470,67,410.08333333331
"523","cell523",4795,59,220.000000000008
"524","cell524",4855,60,0
"525","cell525",4798,59,250.000000000011
"526","cell526",6950,85,450.083333333301
"527","cell527",6010,74,70.0000000000004
"528","cell528",3575,44,320.08333333333
"529","cell529",2570,32,110.083333333331
"530","cell530",4951,61,140.083333333332
"531","cell531",6932,85,270.000000000008
"532","cell532",6302,77,530.083333333295
"533","cell533",7735,95,100.083333333332
"534","cell534",1766,22,270.000000000008
"535","cell535",7697,94,540.083333333299
"536","cell536",1423,18,120.083333333331
"537","cell537",2561,32,20.0833333333333
"538","cell538",4866,60,110.083333333331
"539","cell539",1342,17,130.083333333331
"540","cell540",6502,80,70.0000000000004
"541","cell541",4381,54,180.000000000003
"542","cell542",6522,80,270.000000000008
"543","cell543",2493,31,160.000000000001
"544","cell544",1851,23,300.000000000002
"545","cell545",1423,18,120.083333333331
"546","cell546",7316,90,10
"547","cell547",1423,18,120.083333333331
"548","cell548",3573,44,300.000000000002
"549","cell549",6013,74,100.083333333332
"550","cell550",1342,17,130.083333333331
"551","cell551",2511,31,340.083333333326
"552","cell552",7075,87,60.0000000000006
"553","cell553",2492,31,150.083333333333
"554","cell554",1342,17,130.083333333331
"555","cell555",6758,83,170.000000000002
"556","cell556",1342,17,130.083333333331
"557","cell557",6013,74,100.083333333332
"558","cell558",1424,18,130.083333333331
"559","cell559",4936,61,0
"560","cell560",1423,18,120.083333333331
"561","cell561",3466,43,50.0000000000003
"562","cell562",5839,72,0
"563","cell563",1759,22,200.000000000005
"564","cell564",3112,38,610.083333333331
"565","cell565",1834,23,130.083333333331
"566","cell566",1512,19,190.000000000004
"567","cell567",6013,74,100.083333333332
"568","cell568",4703,58,120.083333333331
"569","cell569",1613,20,380.083333333317
"570","cell570",5446,67,170.000000000002
"571","cell571",4776,59,30.0833333333332
"572","cell572",1915,24,120.083333333331
"573","cell573",2682,33,410.08333333331
"574","cell574",1424,18,130.083333333331
"575","cell575",1268,16,210.000000000006
"576","cell576",1342,17,130.083333333331
"577","cell577",1502,19,90.0833333333326
"578","cell578",4392,54,290.000000000004
"579","cell579",1342,17,130.083333333331
"580","cell580",1527,19,340.083333333326
"581","cell581",8061,99,80.0833333333331
"582","cell582",3659,45,340.083333333326
"583","cell583",3882,48,110.083333333331
"584","cell584",8087,99,340.083333333326
"585","cell585",5765,71,80.0833333333331
"586","cell586",1424,18,130.083333333331
"587","cell587",6669,82,100.083333333332
"588","cell588",6176,76,90.0833333333326
"589","cell589",7321,90,60.0000000000006
"590","cell590",5161,63,600.083333333327
"591","cell591",7917,97,280.000000000006
"592","cell592",34,1,170.000000000002
"593","cell593",7104,87,350.083333333324
"594","cell594",6907,85,20.0833333333333
"595","cell595",4771,59,0
"596","cell596",3491,43,300.000000000002
"597","cell597",5596,69,30.0833333333332
"598","cell598",1174,15,90.0833333333326
"599","cell599",1423,18,120.083333333331
"600","cell600",1342,17,130.083333333331
"601","cell601",7561,93,0
"602","cell602",1502,19,90.0833333333326
"603","cell603",2810,35,50.0000000000003
"604","cell604",1423,18,120.083333333331
"605","cell605",3715,46,80.0833333333331
"606","cell606",1342,17,130.083333333331
"607","cell607",1342,17,130.083333333331
"608","cell608",4205,52,60.0000000000006
"609","cell609",3156,39,230.000000000009
"610","cell610",6912,85,70.0000000000004
"611","cell611",4854,60,0
"612","cell612",7515,92,360.083333333321
"613","cell613",5510,68,0
"614","cell614",5714,70,390.083333333314
"615","cell615",1423,18,120.083333333331
"616","cell616",3380,42,10
"617","cell617",960,12,410.08333333331
"618","cell618",6171,76,40
"619","cell619",5240,64,570.083333333313
"620","cell620",2181,27,320.08333333333
"621","cell621",1342,17,130.083333333331
"622","cell622",7359,90,440.083333333303
"623","cell623",3302,41,50.0000000000003
"624","cell624",6826,84,30.0833333333332
"625","cell625",1502,19,90.0833333333326
"626","cell626",3387,42,80.0833333333331
"627","cell627",3714,46,70.0000000000004
"628","cell628",6264,77,150.083333333333
"629","cell629",4142,51,250.000000000011
"630","cell630",4945,61,80.0833333333331
"631","cell631",6785,83,440.083333333303
"632","cell632",2319,29,60.0000000000006
"633","cell633",17,1,0
"634","cell634",6013,74,100.083333333332
"635","cell635",8084,99,310.083333333333
"636","cell636",5597,69,40
"637","cell637",1455,18,440.083333333303
"638","cell638",542,7,330.083333333328
"639","cell639",3808,47,190.000000000004
"640","cell640",1680,21,230.000000000009
"641","cell641",1175,15,100.083333333332
"642","cell642",5517,68,60.0000000000006
"643","cell643",7822,96,150.083333333333
"644","cell644",4697,58,60.0000000000006
"645","cell645",1502,19,90.0833333333326
"646","cell646",2742,34,190.000000000004
"647","cell647",5761,71,40
"648","cell648",4469,55,240.00000000001
"649","cell649",3020,37,510.083333333287
"650","cell650",1423,18,120.083333333331
"651","cell651",8089,99,360.083333333321
"652","cell652",6336,78,50.0000000000003
"653","cell653",6013,74,100.083333333332
"654","cell654",5288,65,230.000000000009
"655","cell655",2274,28,430.083333333305
"656","cell656",1342,17,130.083333333331
"657","cell657",5868,72,290.000000000004
"658","cell658",6013,74,100.083333333332
"659","cell659",4468,55,230.000000000009
"660","cell660",7912,97,230.000000000009
"661","cell661",929,12,100.083333333332
"662","cell662",6334,78,30.0833333333332
"663","cell663",2652,33,110.083333333331
"664","cell664",4365,54,20.0833333333333
"665","cell665",5765,71,80.0833333333331
"666","cell666",3799,47,100.083333333332
"667","cell667",3986,49,330.083333333328
"668","cell668",7679,94,360.083333333321
"669","cell669",2149,27,0
"670","cell670",6344,78,130.083333333331
"671","cell671",1423,18,120.083333333331
"672","cell672",4403,54,400.083333333312
"673","cell673",1342,17,130.083333333331
"674","cell674",6033,74,300.000000000002
"675","cell675",40,1,230.000000000009
"676","cell676",1342,17,130.083333333331
"677","cell677",1573,20,0
"678","cell678",4043,50,80.0833333333331
"679","cell679",3541,44,0
"680","cell680",7439,91,420.083333333308
"681","cell681",6013,74,100.083333333332
"682","cell682",1685,21,280.000000000006
"683","cell683",4072,50,370.083333333319
"684","cell684",4532,56,50.0000000000003
"685","cell685",2087,26,200.000000000005
"686","cell686",5017,62,0
"687","cell687",6116,75,310.083333333333
"688","cell688",6013,74,100.083333333332
"689","cell689",101,2,20.0833333333333
"690","cell690",4627,57,180.000000000003
"691","cell691",2497,31,200.000000000005
"692","cell692",4559,56,320.08333333333
"693","cell693",6752,83,110.083333333331
"694","cell694",2349,29,360.083333333321
"695","cell695",5187,64,40
"696","cell696",1342,17,130.083333333331
"697","cell697",1342,17,130.083333333331
"698","cell698",6741,83,0
"699","cell699",7441,91,440.083333333303
"700","cell700",2487,31,100.083333333332
"701","cell701",5767,71,100.083333333332
"702","cell702",1342,17,130.083333333331
"703","cell703",1424,18,130.083333333331
"704","cell704",2573,32,140.083333333332
"705","cell705",2640,33,0
"706","cell706",5791,71,340.083333333326
"707","cell707",7410,91,130.083333333331
"708","cell708",1093,14,100.083333333332
"709","cell709",6988,86,10
"710","cell710",6262,77,130.083333333331
"711","cell711",6268,77,190.000000000004
"712","cell712",531,7,220.000000000008
"713","cell713",6013,74,100.083333333332
"714","cell714",4782,59,90.0833333333326
"715","cell715",1342,17,130.083333333331
"716","cell716",5517,68,60.0000000000006
"717","cell717",1342,17,130.083333333331
"718","cell718",4780,59,70.0000000000004
"719","cell719",6678,82,190.000000000004
"720","cell720",7107,87,380.083333333317
"721","cell721",1424,18,130.083333333331
"722","cell722",1423,18,120.083333333331
"723","cell723",7588,93,270.000000000008
"724","cell724",6335,78,40
"725","cell725",2071,26,40
"726","cell726",7892,97,30.0833333333332
"727","cell727",4706,58,150.083333333333
"728","cell728",2722,34,0
"729","cell729",320,4,570.083333333313
"730","cell730",927,12,80.0833333333331
"731","cell731",3889,48,180.000000000003
"732","cell732",3901,48,300.000000000002
"733","cell733",6267,77,180.000000000003
"734","cell734",1286,16,390.083333333314
"735","cell735",1520,19,270.000000000008
"736","cell736",5932,73,110.083333333331
"737","cell737",4962,61,250.000000000011
"738","cell738",5539,68,280.000000000006
"739","cell739",3901,48,300.000000000002
"740","cell740",5279,65,140.083333333332
"741","cell741",2651,33,100.083333333332
"742","cell742",2812,35,70.0000000000004
"743","cell743",4128,51,110.083333333331
"744","cell744",1502,19,90.0833333333326
"745","cell745",6013,74,100.083333333332
"746","cell746",1423,18,120.083333333331
"747","cell747",2255,28,240.00000000001
"748","cell748",3316,41,190.000000000004
"749","cell749",4361,54,0
"750","cell750",1502,19,90.0833333333326
"751","cell751",6013,74,100.083333333332
"752","cell752",1329,17,0
"753","cell753",1364,17,350.083333333324
"754","cell754",5241,64,580.083333333318
"755","cell755",4950,61,130.083333333331
"756","cell756",7169,88,180.000000000003
"757","cell757",7995,98,240.00000000001
"758","cell758",1502,19,90.0833333333326
"759","cell759",6013,74,100.083333333332
"760","cell760",2074,26,70.0000000000004
"761","cell761",682,9,90.0833333333326
"762","cell762",4698,58,70.0000000000004
"763","cell763",4385,54,220.000000000008
"764","cell764",6086,75,10
"765","cell765",2860,35,550.083333333304
"766","cell766",1342,17,130.083333333331
"767","cell767",1423,18,120.083333333331
"768","cell768",2648,33,70.0000000000004
"769","cell769",1424,18,130.083333333331
"770","cell770",7969,98,0
"771","cell771",2996,37,270.000000000008
"772","cell772",105,2,60.0000000000006
"773","cell773",4960,61,230.000000000009
"774","cell774",1342,17,130.083333333331
"775","cell775",1502,19,90.0833333333326
"776","cell776",1793,22,540.083333333299
"777","cell777",3239,40,240.00000000001
"778","cell778",3485,43,240.00000000001
"779","cell779",6829,84,60.0000000000006
"780","cell780",543,7,340.083333333326
"781","cell781",1423,18,120.083333333331
"782","cell782",7245,89,120.083333333331
"783","cell783",1424,18,130.083333333331
"784","cell784",1282,16,350.083333333324
"785","cell785",1342,17,130.083333333331
"786","cell786",15,1,0
"787","cell787",2566,32,70.0000000000004
"788","cell788",2347,29,340.083333333326
"789","cell789",8052,99,0
"790","cell790",6447,79,340.083333333326
"791","cell791",1342,17,130.083333333331
"792","cell792",1668,21,110.083333333331
"793","cell793",1342,17,130.083333333331
"794","cell794",924,12,50.0000000000003
"795","cell795",1022,13,210.000000000006
"796","cell796",1342,17,130.083333333331
"797","cell797",7658,94,150.083333333333
"798","cell798",5384,66,370.083333333319
"799","cell799",7572,93,110.083333333331
"800","cell800",7010,86,230.000000000009
"801","cell801",5276,65,110.083333333331
"802","cell802",1424,18,130.083333333331
"803","cell803",6265,77,160.000000000001
"804","cell804",4945,61,80.0833333333331
"805","cell805",1342,17,130.083333333331
"806","cell806",1424,18,130.083333333331
"807","cell807",6013,74,100.083333333332
"808","cell808",7511,92,320.08333333333
"809","cell809",8019,98,480.083333333294
"810","cell810",1850,23,290.000000000004
"811","cell811",3185,39,520.08333333329
"812","cell812",2482,31,50.0000000000003
"813","cell813",7982,98,110.083333333331
"814","cell814",6829,84,60.0000000000006
"815","cell815",1342,17,130.083333333331
"816","cell816",5929,73,80.0833333333331
"817","cell817",6352,78,210.000000000006
"818","cell818",1342,17,130.083333333331
"819","cell819",3717,46,100.083333333332
"820","cell820",5677,70,20.0833333333333
"821","cell821",2434,30,390.083333333314
"822","cell822",4616,57,70.0000000000004
"823","cell823",1502,19,90.0833333333326
"824","cell824",2677,33,360.083333333321
"825","cell825",7724,95,0
"826","cell826",5773,71,160.000000000001
"827","cell827",6831,84,80.0833333333331
"828","cell828",186,3,50.0000000000003
"829","cell829",5769,71,120.083333333331
"830","cell830",2814,35,90.0833333333326
"831","cell831",2406,30,110.083333333331
"832","cell832",1423,18,120.083333333331
"833","cell833",1355,17,260.000000000011
"834","cell834",6013,74,100.083333333332
"835","cell835",6829,84,60.0000000000006
"836","cell836",7439,91,420.083333333308
"837","cell837",3872,48,10
"838","cell838",1017,13,160.000000000001
"839","cell839",6750,83,90.0833333333326
"840","cell840",6013,74,100.083333333332
"841","cell841",7442,91,450.083333333301
"842","cell842",1342,17,130.083333333331
"843","cell843",944,12,250.000000000011
"844","cell844",1342,17,130.083333333331
"845","cell845",37,1,200.000000000005
"846","cell846",6670,82,110.083333333331
"847","cell847",5876,72,370.083333333319
"848","cell848",1423,18,120.083333333331
"849","cell849",5523,68,120.083333333331
"850","cell850",1914,24,110.083333333331
"851","cell851",1342,17,130.083333333331
"852","cell852",4341,53,600.083333333327
"853","cell853",6013,74,100.083333333332
"854","cell854",6118,75,330.083333333328
"855","cell855",6821,84,0
"856","cell856",8061,99,80.0833333333331
"857","cell857",5621,69,280.000000000006
"858","cell858",6791,83,500.083333333289
"859","cell859",6013,74,100.083333333332
"860","cell860",1088,14,50.0000000000003
"861","cell861",1423,18,120.083333333331
"862","cell862",7754,95,290.000000000004
"863","cell863",2915,36,280.000000000006
"864","cell864",2623,32,640.000000000012
"865","cell865",7484,92,50.0000000000003
"866","cell866",1423,18,120.083333333331
"867","cell867",3407,42,280.000000000006
"868","cell868",1024,13,230.000000000009
"869","cell869",1424,18,130.083333333331
"870","cell870",1092,14,90.0833333333326
"871","cell871",1413,18,20.0833333333333
"872","cell872",6013,74,100.083333333332
"873","cell873",4045,50,100.083333333332
"874","cell874",5945,73,240.00000000001
"875","cell875",1049,13,480.083333333294
"876","cell876",6093,75,80.0833333333331
"877","cell877",6013,74,100.083333333332
"878","cell878",6013,74,100.083333333332
"879","cell879",5518,68,70.0000000000004
"880","cell880",3113,38,620.000000000003
"881","cell881",277,4,140.083333333332
"882","cell882",1423,18,120.083333333331
"883","cell883",6013,74,100.083333333332
"884","cell884",5349,66,20.0833333333333
"885","cell885",6032,74,290.000000000004
"886","cell886",6034,74,310.083333333333
"887","cell887",2334,29,210.000000000006
"888","cell888",433,6,60.0000000000006
"889","cell889",4723,58,320.08333333333
"890","cell890",6272,77,230.000000000009
"891","cell891",7816,96,90.0833333333326
"892","cell892",1342,17,130.083333333331
"893","cell893",4084,50,490.083333333292
"894","cell894",3727,46,200.000000000005
"895","cell895",3145,39,120.083333333331
"896","cell896",1502,19,90.0833333333326
"897","cell897",1342,17,130.083333333331
"898","cell898",4691,58,0
"899","cell899",1510,19,170.000000000002
"900","cell900",5239,64,560.083333333309
"901","cell901",4968,61,310.083333333333
"902","cell902",1342,17,130.083333333331
"903","cell903",3011,37,420.083333333308
"904","cell904",8061,99,80.0833333333331
"905","cell905",5696,70,210.000000000006
"906","cell906",1342,17,130.083333333331
"907","cell907",4696,58,50.0000000000003
"908","cell908",461,6,340.083333333326
"909","cell909",6013,74,100.083333333332
"910","cell910",3312,41,150.083333333333
"911","cell911",3628,45,30.0833333333332
"912","cell912",1502,19,90.0833333333326
"913","cell913",1579,20,40
"914","cell914",1423,18,120.083333333331
"915","cell915",1012,13,110.083333333331
"916","cell916",6500,80,50.0000000000003
"917","cell917",267,4,40
"918","cell918",1502,19,90.0833333333326
"919","cell919",2979,37,100.083333333332
"920","cell920",1181,15,160.000000000001
"921","cell921",1342,17,130.083333333331
"922","cell922",5433,67,40
"923","cell923",7831,96,240.00000000001
"924","cell924",6006,74,30.0833333333332
"925","cell925",5289,65,240.00000000001
"926","cell926",3970,49,170.000000000002
"927","cell927",7524,92,450.083333333301
"928","cell928",1502,19,90.0833333333326
"929","cell929",5768,71,110.083333333331
"930","cell930",2834,35,290.000000000004
"931","cell931",1456,18,450.083333333301
"932","cell932",6013,74,100.083333333332
"933","cell933",1342,17,130.083333333331
"934","cell934",1460,18,490.083333333292
"935","cell935",1342,17,130.083333333331
"936","cell936",1604,20,290.000000000004
"937","cell937",6261,77,120.083333333331
"938","cell938",2504,31,270.000000000008
"939","cell939",2730,34,70.0000000000004
"940","cell940",6101,75,160.000000000001
"941","cell941",1423,18,120.083333333331
"942","cell942",3747,46,400.083333333312
"943","cell943",1991,25,60.0000000000006
"944","cell944",8165,100,300.000000000002
"945","cell945",1342,17,130.083333333331
"946","cell946",3748,46,410.08333333331
"947","cell947",4693,58,20.0833333333333
"948","cell948",6181,76,140.083333333332
"949","cell949",1864,23,430.083333333305
"950","cell950",2651,33,100.083333333332
"951","cell951",4458,55,130.083333333331
"952","cell952",3633,45,80.0833333333331
"953","cell953",3900,48,290.000000000004
"954","cell954",7348,90,330.083333333328
"955","cell955",631,8,400.083333333312
"956","cell956",6395,78,640.000000000012
"957","cell957",6013,74,100.083333333332
"958","cell958",1423,18,120.083333333331
"959","cell959",2903,36,160.000000000001
"960","cell960",1423,18,120.083333333331
"961","cell961",537,7,280.000000000006
"962","cell962",1358,17,290.000000000004
"963","cell963",1502,19,90.0833333333326
"964","cell964",286,4,230.000000000009
"965","cell965",1502,19,90.0833333333326
"966","cell966",6013,74,100.083333333332
"967","cell967",1656,21,0
"968","cell968",3248,40,330.083333333328
"969","cell969",4961,61,240.00000000001
"970","cell970",1020,13,190.000000000004
"971","cell971",1423,18,120.083333333331
"972","cell972",3378,42,0
"973","cell973",6013,74,100.083333333332
"974","cell974",1427,18,160.000000000001
"975","cell975",5838,72,0
"976","cell976",5859,72,200.000000000005
"977","cell977",1502,19,90.0833333333326
"978","cell978",5194,64,110.083333333331
"979","cell979",2899,36,120.083333333331
"980","cell980",1505,19,120.083333333331
"981","cell981",8057,99,40
"982","cell982",1342,17,130.083333333331
"983","cell983",1953,24,500.083333333289
"984","cell984",5699,70,240.00000000001
"985","cell985",1603,20,280.000000000006
"986","cell986",6332,78,10
"987","cell987",1013,13,120.083333333331
"988","cell988",5791,71,340.083333333326
"989","cell989",4280,53,0
"990","cell990",119,2,200.000000000005
"991","cell991",622,8,310.083333333333
"992","cell992",1502,19,90.0833333333326
"993","cell993",7743,95,180.000000000003
"994","cell994",593,8,20.0833333333333
"995","cell995",761,10,60.0000000000006
"996","cell996",3056,38,50.0000000000003
"997","cell997",7011,86,240.00000000001
"998","cell998",1502,19,90.0833333333326
"999","cell999",3816,47,270.000000000008
"1000","cell1000",4340,53,590.083333333322
